test_file,test_speaker,1,19,26,27,result,correct
data/wav/test/1.wav,1,0.2767023563871829,1.0460248858111276,0.7390331624209813,0.6161364578135985,1,1.0
data/wav/test/19.wav,19,1.1408310379495814,0.09073382274294417,1.1102946440925658,1.190071297795628,19,1.0
data/wav/test/27.wav,27,0.6659850336474684,1.5242646369134034,0.8309435184357121,0.5565153032273774,27,1.0
